{
  "best_fitness": [
    0.7300000000000001
  ],
  "mean_fitness": [
    0.43249999999999994
  ],
  "sigma": [
    0.09932076575396287
  ],
  "elapsed": [
    208.8338861465454
  ]
}